{
    "loss": 0.4363054037094116,
    "accuracy": 0.8879310488700867
}